<?xml version="1.0" encoding="UTF-8"?>

<!-- generated on 2022-09-01 09:03:53 by Eclipse SUMO duarouter Version 1.11.0
<configuration xmlns:xsi="http://www.w3.org/2001/XMLSchema-instance" xsi:noNamespaceSchemaLocation="http://sumo.dlr.de/xsd/duarouterConfiguration.xsd">

    <input>
        <net-file value="map.net.xml"/>
        <route-files value="trips.trips.xml"/>
    </input>

    <output>
        <output-file value="map.rou.xml"/>
        <alternatives-output value="map.rou.alt.xml"/>
    </output>

    <time>
        <begin value="0"/>
        <end value="100"/>
    </time>

    <report>
        <no-warnings value="true"/>
        <ignore-errors value="true"/>
        <no-step-log value="true"/>
    </report>

</configuration>
-->

<routes xmlns:xsi="http://www.w3.org/2001/XMLSchema-instance" xsi:noNamespaceSchemaLocation="http://sumo.dlr.de/xsd/routes_file.xsd">
    <vehicle id="0" depart="0.00">
        <routeDistribution last="0">
            <route cost="71.44" probability="1.00000000" edges="467939442#1 976615096#0 118337852#1 118337852#2 118337852#3 118337852#4 976615095 208567773 -118425141#2"/>
        </routeDistribution>
    </vehicle>
    <vehicle id="2" depart="2.00">
        <routeDistribution last="0">
            <route cost="160.57" probability="1.00000000" edges="468753281 467772313 468753285 -211118189 211118188 468753287#0 468753287#1 468753287#2 468753287#3 468753287#4 118425138 467939443#0 467939443#1 467939443#2 467939443#3"/>
        </routeDistribution>
    </vehicle>
    <vehicle id="3" depart="3.00">
        <routeDistribution last="0">
            <route cost="137.31" probability="1.00000000" edges="670389196#0 670389199 -208569799#1 -504407941#0 504407942 468753279#2 468753279#3 468753279#4 468753279#5 468753280#0 468753280#1 -211118657#2 467772312#3 -211118656#3"/>
        </routeDistribution>
    </vehicle>
    <vehicle id="4" depart="4.00">
        <routeDistribution last="0">
            <route cost="70.68" probability="1.00000000" edges="208569799#7 208569799#8 -208569799#8 -208569799#7 -208569799#6 -670389194#1 118425141#2 -208567773"/>
        </routeDistribution>
    </vehicle>
    <vehicle id="5" depart="5.00">
        <routeDistribution last="0">
            <route cost="62.58" probability="1.00000000" edges="-804664903#3 -804664903#2 -804664881#3 211118658#0"/>
        </routeDistribution>
    </vehicle>
    <vehicle id="6" depart="6.00">
        <routeDistribution last="0">
            <route cost="143.44" probability="1.00000000" edges="-118425141#2 670389194#1 208569799#6 208569799#7 208569799#8 468753291#2 468753291#3 468753291#4 468753291#5 468753291#6 468753279#0 468753279#1 468753279#2 468753279#3 468753279#4 468753279#5 118337848#0 118337848#1 118337848#2 118337848#3 118337855#0 118337855#1 -804664881#4"/>
        </routeDistribution>
    </vehicle>
    <vehicle id="8" depart="8.00">
        <routeDistribution last="0">
            <route cost="69.16" probability="1.00000000" edges="-804664903#3 804664903#3 211118657#0 211118657#1 467772312#3"/>
        </routeDistribution>
    </vehicle>
    <vehicle id="9" depart="9.00">
        <routeDistribution last="0">
            <route cost="79.42" probability="1.00000000" edges="468753287#1 468753287#2 468753287#3 468753287#4 118425138 468753288#0 468753288#1 -118425140#0"/>
        </routeDistribution>
    </vehicle>
    <vehicle id="10" depart="10.00">
        <routeDistribution last="0">
            <route cost="116.95" probability="1.00000000" edges="468753287#1 468753287#2 468753287#3 468753287#4 118425138 467939443#0 467939443#1 467939443#2 467939443#3 467939443#4 467939443#5 468753291#0 468753291#1 468753291#2 468753291#3 468753291#4 468753291#5 468753291#6 468753279#0 468753279#1 468753279#2"/>
        </routeDistribution>
    </vehicle>
    <vehicle id="11" depart="11.00">
        <routeDistribution last="0">
            <route cost="47.40" probability="1.00000000" edges="118337855#3 -211118656#0 118337845#4 118337845#5 118337845#6 -670389188#2 -670389188#1"/>
        </routeDistribution>
    </vehicle>
    <vehicle id="12" depart="12.00">
        <routeDistribution last="0">
            <route cost="38.74" probability="1.00000000" edges="976615096#1 976615097 118337852#2 118337852#3 118337852#4 118337852#5 118337852#6"/>
        </routeDistribution>
    </vehicle>
    <vehicle id="13" depart="13.00">
        <routeDistribution last="0">
            <route cost="13.40" probability="1.00000000" edges="-211118657#0"/>
        </routeDistribution>
    </vehicle>
    <vehicle id="14" depart="14.00">
        <routeDistribution last="0">
            <route cost="78.97" probability="1.00000000" edges="468753291#2 468753291#3 468753291#4 468753291#5 468753291#6 468753279#0 468753279#1 468753279#2 468753279#3 468753279#4 468753279#5 468753280#0 804664881#0 467772312#5 467772312#6"/>
        </routeDistribution>
    </vehicle>
    <vehicle id="15" depart="15.00">
        <routeDistribution last="0">
            <route cost="136.00" probability="1.00000000" edges="468753287#1 468753287#2 468753287#3 468753287#4 467939442#0 467939442#1 467939442#2 118337854 468753280#0 468753280#1"/>
        </routeDistribution>
    </vehicle>
    <vehicle id="18" depart="18.00">
        <routeDistribution last="0">
            <route cost="134.30" probability="1.00000000" edges="468753288#1 118425140#1 976615101 467939443#5 468753289#0 468753289#1 468753289#2 211118189 118425134#0 118425134#1 118425134#2 118425134#3 118425134#4 118425134#5 118425134#6 118425134#7 976615091#0 976615091#1 468753422 -468753284 467772313"/>
        </routeDistribution>
    </vehicle>
    <vehicle id="19" depart="19.00">
        <routeDistribution last="0">
            <route cost="67.08" probability="1.00000000" edges="504407941#0 -504407941#0 504407942 468753279#2 468753279#3 468753279#4 467772312#10"/>
        </routeDistribution>
    </vehicle>
    <vehicle id="20" depart="20.00">
        <routeDistribution last="0">
            <route cost="103.69" probability="1.00000000" edges="468753279#3 302981078 467772312#11 118337852#0 976615096#1 208569799#0 208569799#1 208569799#2 208569799#3 208569799#4 208569799#5 -208569799#5 -208569799#4 -208569799#3 -208569799#2"/>
        </routeDistribution>
    </vehicle>
    <vehicle id="21" depart="21.00">
        <routeDistribution last="0">
            <route cost="129.00" probability="1.00000000" edges="-992360274 -539801720#0 976615108 118425134#2 118425134#3 118425134#4 118425134#5 208567774 118337845#2 118337845#3 118337845#4 118337845#5 118337845#6 118337845#7 468753286#0 211248020 467770022 118337851"/>
        </routeDistribution>
    </vehicle>
    <vehicle id="22" depart="22.00">
        <routeDistribution last="0">
            <route cost="134.88" probability="1.00000000" edges="-211118656#1 -211118656#0 118337845#4 118337845#5 118337845#6 118337845#7 468753286#0 468753286#1 468753286#2 468753286#3 468753286#4 468753286#5 468753290 468753289#2 211118189 118425134#0 118425134#1 118425134#2 976615111 976615110#0 -992360275"/>
        </routeDistribution>
    </vehicle>
    <vehicle id="24" depart="24.00">
        <routeDistribution last="0">
            <route cost="103.09" probability="1.00000000" edges="467939442#0 467939442#1 467939442#2 118337854 118337848#0 118337848#1 118337848#2 118337848#3 118337855#0 118337855#1 118337855#2 118337855#3"/>
        </routeDistribution>
    </vehicle>
    <vehicle id="25" depart="25.00">
        <routeDistribution last="0">
            <route cost="134.32" probability="1.00000000" edges="118425140#0 118425140#1 976615101 467939443#5 468753289#0 468753289#1 468753289#2 211118189 118425134#0 118425134#1 118425134#2 118425134#3 118425134#4 118425134#5 208567774 118337845#2 118337845#3 118337845#4 118337845#5 -804664881#5 -804664881#4 -804664903#1"/>
        </routeDistribution>
    </vehicle>
    <vehicle id="26" depart="26.00">
        <routeDistribution last="0">
            <route cost="57.23" probability="1.00000000" edges="118337848#3 118337855#0 118337855#1 -804664881#4 804664903#2"/>
        </routeDistribution>
    </vehicle>
    <vehicle id="27" depart="27.00">
        <routeDistribution last="0">
            <route cost="84.97" probability="1.00000000" edges="467939442#1 467939442#2 118337854 468753280#0 804664881#0 467772312#5 467772312#6 467772312#7 467772312#8"/>
        </routeDistribution>
    </vehicle>
    <vehicle id="28" depart="28.00">
        <routeDistribution last="0">
            <route cost="123.61" probability="1.00000000" edges="-670389194#0 118425139 118337852#8 -118425138 467939442#0 467939442#1 467939442#2 118337854 468753280#0 468753280#1"/>
        </routeDistribution>
    </vehicle>
    <vehicle id="29" depart="29.00">
        <routeDistribution last="0">
            <route cost="120.51" probability="1.00000000" edges="-670389188#1 670389188#1 670389188#2 118337845#7 468753286#0 468753286#1 468753286#2 468753286#3 468753286#4 468753286#5 468753290 468753289#2 211118189 118425134#0 118425134#1 118425134#2"/>
        </routeDistribution>
    </vehicle>
    <vehicle id="30" depart="30.00">
        <routeDistribution last="0">
            <route cost="143.42" probability="1.00000000" edges="992360273 118337855#3 -211118656#0 118337845#4 118337845#5 118337845#6 118337845#7 468753286#0 468753286#1 468753286#2 468753286#3 468753286#4 468753286#5 468753286#6 468753286#7 468753287#0 468753287#1 468753287#2 468753287#3 468753287#4 467939442#0"/>
        </routeDistribution>
    </vehicle>
    <vehicle id="32" depart="32.00">
        <routeDistribution last="0">
            <route cost="75.79" probability="1.00000000" edges="468753291#1 468753291#2 468753291#3 468753291#4 468753291#5 468753291#6 468753279#0 468753279#1 468753279#2 468753279#3 468753279#4 468753279#5 118337848#0 118337848#1 118337848#2 118337848#3 118337848#4 468753286#0"/>
        </routeDistribution>
    </vehicle>
    <vehicle id="33" depart="33.00">
        <routeDistribution last="0">
            <route cost="178.85" probability="1.00000000" edges="-992360274 -539801720#0 976615108 118425134#2 118425134#3 118425134#4 118425134#5 208567774 118337845#2 118337845#3 118337845#4 118337845#5 118337845#6 118337845#7 468753286#0 468753286#1 468753286#2 468753286#3 468753286#4 976615114 468753291#1 -208569799#8 -208569799#7 -208569799#6 -670389194#1 118425141#2 -208567773"/>
        </routeDistribution>
    </vehicle>
    <vehicle id="34" depart="34.00">
        <routeDistribution last="0">
            <route cost="91.05" probability="1.00000000" edges="118337852#8 -118425138 467939442#0 467939442#1 467939442#2 118337854 118337848#0 118337848#1 118337848#2 118337848#3 118337848#4"/>
        </routeDistribution>
    </vehicle>
    <vehicle id="35" depart="35.00">
        <routeDistribution last="0">
            <route cost="61.21" probability="1.00000000" edges="-804664903#1 804664903#1 804664903#2 804664903#3"/>
        </routeDistribution>
    </vehicle>
    <vehicle id="36" depart="36.00">
        <routeDistribution last="0">
            <route cost="64.87" probability="1.00000000" edges="670389188#0 -670389188#0 302981080 467772312#8 467772312#9 467772312#10 467772312#11 118337852#0"/>
        </routeDistribution>
    </vehicle>
    <vehicle id="37" depart="37.00">
        <routeDistribution last="0">
            <route cost="109.31" probability="1.00000000" edges="467939442#2 118337854 118337848#0 118337848#1 118337848#2 118337848#3 118337848#4 468753286#0 468753286#1 468753286#2 468753286#3 468753286#4 976615114 468753291#1 -208569799#8 -208569799#7 118425140#0"/>
        </routeDistribution>
    </vehicle>
    <vehicle id="38" depart="38.00">
        <routeDistribution last="0">
            <route cost="112.79" probability="1.00000000" edges="804664881#3 804664881#4 804664881#5 118337845#6 118337845#7 468753286#0 468753286#1 468753286#2 468753286#3 468753286#4 468753286#5 468753290 468753289#2 211118189"/>
        </routeDistribution>
    </vehicle>
    <vehicle id="39" depart="39.00">
        <routeDistribution last="0">
            <route cost="47.20" probability="1.00000000" edges="118337848#3 118337855#0 118337855#1 118337855#2 118337855#3 -211118656#0 118337845#4 118337845#5"/>
        </routeDistribution>
    </vehicle>
    <vehicle id="41" depart="41.00">
        <routeDistribution last="0">
            <route cost="111.26" probability="1.00000000" edges="467772312#3 467772312#4 467772312#5 467772312#6 467772312#7 467772312#8 467772312#9 467772312#10 467772312#11 118337852#0 118337852#1 118337852#2 118337852#3 118337852#4 118337852#5 118337852#6 670389195 670389194#0 670389194#1"/>
        </routeDistribution>
    </vehicle>
    <vehicle id="42" depart="42.00">
        <routeDistribution last="0">
            <route cost="168.25" probability="1.00000000" edges="208567773 -118425141#2 670389194#1 208569799#6 118425140#0 118425140#1 976615101 467939443#5 468753289#0 468753289#1 468753289#2 211118189 118425134#0 118425134#1 118425134#2 118425134#3 118425134#4 118425134#5 118425134#6 118425134#7 976615091#0 468753283 -468753282#0 -804664903#3"/>
        </routeDistribution>
    </vehicle>
    <vehicle id="43" depart="43.00">
        <routeDistribution last="0">
            <route cost="92.63" probability="1.00000000" edges="992360275 -976615110#0 976615112 118425134#4 118425134#5 208567774 118337845#2 118337845#3 118337845#4 118337845#5 -804664881#5 -804664881#4 -804664881#3 211118658#0"/>
        </routeDistribution>
    </vehicle>
    <vehicle id="44" depart="44.00">
        <routeDistribution last="0">
            <route cost="150.57" probability="1.00000000" edges="-211118656#3 211118656#3 467772312#4 467772312#5 467772312#6 467772312#7 467772312#8 467772312#9 467772312#10 467772312#11 118337852#0 976615096#1 208569799#0 208569799#1 208569799#2 208569799#3 208569799#4 208569799#5 -208569799#5 -208569799#4 -208569799#3 -208569799#2"/>
        </routeDistribution>
    </vehicle>
    <vehicle id="45" depart="45.00">
        <routeDistribution last="0">
            <route cost="144.32" probability="1.00000000" edges="-211118658#1 -211118658#0 -804664881#2 467941516 467772312#6 467772312#7 467772312#8 467772312#9 467772312#10 467772312#11 118337852#0 118337852#1 118337852#2 118337852#3 118337852#4 118337852#5 118337852#6 118337852#7 118337852#8 -118425138 467939442#0"/>
        </routeDistribution>
    </vehicle>
    <vehicle id="46" depart="46.00">
        <routeDistribution last="0">
            <route cost="85.50" probability="1.00000000" edges="468753286#4 976615114 468753291#1 -208569799#8 -208569799#7 -208569799#6 -670389194#1 118425141#2 -208567773 208567773"/>
        </routeDistribution>
    </vehicle>
    <vehicle id="47" depart="47.00">
        <routeDistribution last="0">
            <route cost="59.24" probability="1.00000000" edges="-211118189 211118189 118425134#0 118425134#1 118425134#2"/>
        </routeDistribution>
    </vehicle>
    <vehicle id="48" depart="48.00">
        <routeDistribution last="0">
            <route cost="86.82" probability="1.00000000" edges="992360274 992360275 -976615110#0 976615112 118425134#4 118425134#5 208567774 118337845#2 118337845#3 118337845#4 118337845#5 118337845#6 118337845#7 468753286#0 211248020"/>
        </routeDistribution>
    </vehicle>
    <vehicle id="49" depart="49.00">
        <routeDistribution last="0">
            <route cost="118.60" probability="1.00000000" edges="976615104#1 468753287#4 118425138 467939443#0 467939443#1 467939443#2 467939443#3 467939443#4 467939443#5 468753291#0 468753291#1 468753291#2 468753291#3 468753291#4 468753291#5 468753291#6 468753279#0 211118697 504407941#0"/>
        </routeDistribution>
    </vehicle>
    <vehicle id="50" depart="50.00">
        <routeDistribution last="0">
            <route cost="115.84" probability="1.00000000" edges="-118425141#0 976615099 467939443#3 467939443#4 467939443#5 468753291#0 468753291#1 468753291#2 468753291#3 468753291#4 468753291#5 468753291#6 468753279#0 468753279#1 468753279#2 468753279#3 468753279#4 468753279#5 468753280#0"/>
        </routeDistribution>
    </vehicle>
    <vehicle id="51" depart="51.00">
        <routeDistribution last="0">
            <route cost="50.58" probability="1.00000000" edges="467939443#5 468753291#0 468753291#1 468753291#2 468753291#3 468753291#4 468753291#5 468753291#6 468753279#0 468753279#1 211248021"/>
        </routeDistribution>
    </vehicle>
    <vehicle id="52" depart="52.00">
        <routeDistribution last="0">
            <route cost="130.07" probability="1.00000000" edges="118337848#3 118337848#4 468753286#0 468753286#1 468753286#2 468753286#3 468753286#4 468753286#5 468753286#6 468753286#7 468753287#0 468753287#1 468753287#2 468753287#3 468753287#4 467939442#0 467939442#1"/>
        </routeDistribution>
    </vehicle>
    <vehicle id="53" depart="53.00">
        <routeDistribution last="0">
            <route cost="120.99" probability="1.00000000" edges="-211118658#1 -211118658#0 -804664881#2 467941516 467772312#6 467772312#7 467772312#8 467772312#9 467772312#10 467772312#11 118337852#0 976615096#1 208569799#0 208569799#1 208569799#2"/>
        </routeDistribution>
    </vehicle>
    <vehicle id="54" depart="54.00">
        <routeDistribution last="0">
            <route cost="49.18" probability="1.00000000" edges="211118656#1 -211118656#1 118337855#4 118337855#5 976615091#0"/>
        </routeDistribution>
    </vehicle>
    <vehicle id="55" depart="55.00">
        <routeDistribution last="0">
            <route cost="58.76" probability="1.00000000" edges="670389188#0 -670389188#0 302981080 467772312#8 118337848#1 118337848#2 118337848#3"/>
        </routeDistribution>
    </vehicle>
    <vehicle id="56" depart="56.00">
        <routeDistribution last="0">
            <route cost="118.20" probability="1.00000000" edges="211248019 467770023 468753286#2 468753286#3 468753286#4 976615114 468753291#1 468753291#2 468753291#3 468753291#4 468753291#5 468753291#6 468753279#0 211118697 504407941#0 208569799#1 -670389199 670389196#1 670389196#2 -670389196#2"/>
        </routeDistribution>
    </vehicle>
    <vehicle id="57" depart="57.00">
        <routeDistribution last="0">
            <route cost="111.75" probability="1.00000000" edges="804664881#3 -804664881#3 -804664881#2 467941516 467772312#6 467772312#7 467772312#8 467772312#9 467772312#10 467772312#11 118337852#0 976615096#1 208569799#0 504407941#1"/>
        </routeDistribution>
    </vehicle>
    <vehicle id="58" depart="58.00">
        <routeDistribution last="0">
            <route cost="62.01" probability="1.00000000" edges="118337852#2 118337852#3 118337852#4 118337852#5 118337852#6 118337852#7 118337852#8 -118425138 467939442#0"/>
        </routeDistribution>
    </vehicle>
    <vehicle id="59" depart="59.00">
        <routeDistribution last="0">
            <route cost="63.69" probability="1.00000000" edges="467772312#8 118337848#1 118337848#2 118337848#3 118337855#0 -670389188#1 -670389188#0"/>
        </routeDistribution>
    </vehicle>
    <vehicle id="60" depart="60.00">
        <routeDistribution last="0">
            <route cost="98.90" probability="1.00000000" edges="468753285 -211118189 211118188 211118187 468753291#0 468753291#1 468753291#2 468753291#3 468753291#4 468753291#5 468753291#6 468753279#0 468753279#1 211248021"/>
        </routeDistribution>
    </vehicle>
    <vehicle id="61" depart="61.00">
        <routeDistribution last="0">
            <route cost="112.50" probability="1.00000000" edges="468753286#2 468753286#3 468753286#4 976615114 468753291#1 468753291#2 468753291#3 468753291#4 468753291#5 468753291#6 468753279#0 468753279#1 468753279#2 468753279#3 468753279#4 468753279#5 118337848#0 118337848#1 118337848#2 118337848#3 118337848#4 468753286#0 211248020"/>
        </routeDistribution>
    </vehicle>
    <vehicle id="62" depart="62.00">
        <routeDistribution last="0">
            <route cost="103.85" probability="1.00000000" edges="-118424571#2 -118424571#1 -118424571#0 118424571#0 118424571#1 118424571#2 118424571#3 468753284 467772312#0 467772312#1 467772312#2 467772312#3 467772312#4 467772312#5 467772312#6 467772312#7 467772312#8 467772312#9 467772312#10 467772312#11 118337852#0 118337852#1 118337852#2"/>
        </routeDistribution>
    </vehicle>
    <vehicle id="63" depart="63.00">
        <routeDistribution last="0">
            <route cost="152.91" probability="1.00000000" edges="-118425141#1 -468753288#0 -118425138 467939442#0 467939442#1 467939442#2 118337854 468753280#0 804664881#0 804664881#1 804664881#2 804664881#3 804664881#4"/>
        </routeDistribution>
    </vehicle>
    <vehicle id="64" depart="64.00">
        <routeDistribution last="0">
            <route cost="133.47" probability="1.00000000" edges="670389188#1 670389188#2 118337845#7 468753286#0 468753286#1 468753286#2 468753286#3 468753286#4 976615114 468753291#1 -208569799#8 -208569799#7 118425140#0 -468753288#1 468753288#1"/>
        </routeDistribution>
    </vehicle>
    <vehicle id="65" depart="65.00">
        <routeDistribution last="0">
            <route cost="65.92" probability="1.00000000" edges="118337852#6 670389195 670389194#0 670389194#1 208569799#6 208569799#7 208569799#8 -208569799#8"/>
        </routeDistribution>
    </vehicle>
    <vehicle id="66" depart="66.00">
        <routeDistribution last="0">
            <route cost="64.19" probability="1.00000000" edges="670389188#1 118337855#1 118337855#2 118337855#3 211118656#1 804664903#3"/>
        </routeDistribution>
    </vehicle>
    <vehicle id="67" depart="67.00">
        <routeDistribution last="0">
            <route cost="29.53" probability="1.00000000" edges="-211118656#2 211118656#2"/>
        </routeDistribution>
    </vehicle>
    <vehicle id="68" depart="68.00">
        <routeDistribution last="0">
            <route cost="143.94" probability="1.00000000" edges="-211118189 211118189 118425134#0 118425134#1 118425134#2 118425134#3 118425134#4 118425134#5 118425134#6 118425134#7 976615091#0 976615091#1 468753422 -468753284 467772313 468753285"/>
        </routeDistribution>
    </vehicle>
    <vehicle id="69" depart="69.00">
        <routeDistribution last="0">
            <route cost="122.28" probability="1.00000000" edges="468753285 -211118189 211118188 468753287#0 468753287#1 468753287#2 468753287#3 468753287#4 118425138 468753288#0 -468753288#0"/>
        </routeDistribution>
    </vehicle>
    <vehicle id="71" depart="71.00">
        <routeDistribution last="0">
            <route cost="94.10" probability="1.00000000" edges="118337848#3 118337848#4 468753286#0 468753286#1 468753286#2 468753286#3 468753286#4 468753286#5 468753290 468753289#2 211118189 118425134#0 976615107 539801720#0 539801720#1 539801720#2"/>
        </routeDistribution>
    </vehicle>
    <vehicle id="72" depart="72.00">
        <routeDistribution last="0">
            <route cost="131.60" probability="1.00000000" edges="208569799#8 468753291#2 468753291#3 468753291#4 468753291#5 468753291#6 468753279#0 468753279#1 468753279#2 468753279#3 468753279#4 468753279#5 118337848#0 118337848#1 118337848#2 118337848#3 118337855#0 118337855#1 118337855#2 118337855#3 211118656#1 -804664903#2"/>
        </routeDistribution>
    </vehicle>
    <vehicle id="73" depart="73.00">
        <routeDistribution last="0">
            <route cost="165.67" probability="1.00000000" edges="461700080 211248019 467770023 468753286#2 468753286#3 468753286#4 976615114 468753291#1 468753291#2 468753291#3 468753291#4 468753291#5 468753291#6 468753279#0 468753279#1 468753279#2 468753279#3 468753279#4 468753279#5 468753280#0 468753280#1"/>
        </routeDistribution>
    </vehicle>
    <vehicle id="74" depart="74.00">
        <routeDistribution last="0">
            <route cost="78.08" probability="1.00000000" edges="-804664881#4 -804664881#3 -804664881#2 467941516 467772312#6 467772312#7 467772312#8 467772312#9 467772312#10 467772312#11 118337852#0"/>
        </routeDistribution>
    </vehicle>
    <vehicle id="75" depart="75.00">
        <routeDistribution last="0">
            <route cost="195.81" probability="1.00000000" edges="992360274 992360275 -976615110#0 976615112 118425134#4 118425134#5 208567774 118337845#2 118337845#3 118337845#4 118337845#5 118337845#6 118337845#7 468753286#0 468753286#1 468753286#2 468753286#3 468753286#4 468753286#5 468753286#6 468753286#7 468753287#0 468753287#1 468753287#2 468753287#3 468753287#4 467939442#0 467939442#1"/>
        </routeDistribution>
    </vehicle>
    <vehicle id="76" depart="76.00">
        <routeDistribution last="0">
            <route cost="102.20" probability="1.00000000" edges="211118189 118425134#0 118425134#1 118425134#2 118425134#3 118425134#4 118425134#5 118425134#6 118425134#7 976615091#0 976615091#1 468753422 467772312#0 467941517 -211118658#2 211118658#2"/>
        </routeDistribution>
    </vehicle>
    <vehicle id="77" depart="77.00">
        <routeDistribution last="0">
            <route cost="154.16" probability="1.00000000" edges="-468753282#0 468753282#0 468753282#1 468753422 -468753284 467772313 468753285 -211118189 211118189 118425134#0 118425134#1 118425134#2 118425134#3 118425134#4 -976615110#1"/>
        </routeDistribution>
    </vehicle>
    <vehicle id="78" depart="78.00">
        <routeDistribution last="0">
            <route cost="60.03" probability="1.00000000" edges="118337855#3 118337855#4 118337855#5 976615091#0 976615091#1 468753422 467772312#0 467772312#1 467772312#2 467772312#3"/>
        </routeDistribution>
    </vehicle>
    <vehicle id="79" depart="79.00">
        <routeDistribution last="0">
            <route cost="83.01" probability="1.00000000" edges="-992360274 -539801720#0 976615108 118425134#2 118425134#3 118425134#4 118425134#5 118425134#6 118425134#7 976615091#0 468753283 -468753282#0 -804664903#3"/>
        </routeDistribution>
    </vehicle>
    <vehicle id="80" depart="80.00">
        <routeDistribution last="0">
            <route cost="83.32" probability="1.00000000" edges="-211118189 211118188 468753287#0 468753287#1 468753287#2 468753287#3 468753287#4 467939442#0"/>
        </routeDistribution>
    </vehicle>
    <vehicle id="81" depart="81.00">
        <routeDistribution last="0">
            <route cost="173.14" probability="1.00000000" edges="-992360274 -539801720#0 976615108 118425134#2 118425134#3 118425134#4 118425134#5 208567774 118337845#2 118337845#3 118337845#4 118337845#5 118337845#6 -670389188#2 -670389188#1 -670389188#0 302981080 467772312#8 467772312#9 467772312#10 467772312#11 118337852#0 976615096#1 208569799#0 208569799#1 -670389199 670389196#1"/>
        </routeDistribution>
    </vehicle>
    <vehicle id="82" depart="82.00">
        <routeDistribution last="0">
            <route cost="191.58" probability="1.00000000" edges="504407941#0 -504407941#0 504407942 468753279#2 468753279#3 468753279#4 468753279#5 468753280#0 468753280#1 468753281 467772313 468753285 -211118189"/>
        </routeDistribution>
    </vehicle>
    <vehicle id="83" depart="83.00">
        <routeDistribution last="0">
            <route cost="129.86" probability="1.00000000" edges="118337845#1 118337845#2 118337845#3 118337845#4 118337845#5 118337845#6 118337845#7 468753286#0 468753286#1 468753286#2 468753286#3 468753286#4 468753286#5 468753286#6 468753286#7 468753287#0 468753287#1 468753287#2 468753287#3 468753287#4 118425138 467939443#0"/>
        </routeDistribution>
    </vehicle>
    <vehicle id="84" depart="84.00">
        <routeDistribution last="0">
            <route cost="141.18" probability="1.00000000" edges="-804664903#2 804664881#4 804664881#5 118337845#6 118337845#7 468753286#0 468753286#1 468753286#2 468753286#3 468753286#4 976615114 468753291#1 -208569799#8 -208569799#7 118425140#0 -468753288#1"/>
        </routeDistribution>
    </vehicle>
    <vehicle id="86" depart="86.00">
        <routeDistribution last="0">
            <route cost="102.10" probability="1.00000000" edges="211118657#0 211118657#1 467772312#3 467772312#4 467772312#5 467772312#6 467772312#7 467772312#8 118337848#1 118337848#2 118337848#3 118337848#4 468753286#0 468753286#1 468753286#2"/>
        </routeDistribution>
    </vehicle>
    <vehicle id="87" depart="87.00">
        <routeDistribution last="0">
            <route cost="161.06" probability="1.00000000" edges="468753287#1 468753287#2 468753287#3 468753287#4 467939442#0 467939442#1 467939442#2 118337854 118337848#0 118337848#1 118337848#2 118337848#3 118337855#0 118337855#1 -804664881#4 -804664881#3"/>
        </routeDistribution>
    </vehicle>
    <vehicle id="88" depart="88.00">
        <routeDistribution last="0">
            <route cost="119.18" probability="1.00000000" edges="-211118657#0 211118657#0 211118657#1 467772312#3 467772312#4 467772312#5 467772312#6 467772312#7 467772312#8 467772312#9 467772312#10 467772312#11 118337852#0 976615096#1 208569799#0"/>
        </routeDistribution>
    </vehicle>
    <vehicle id="89" depart="89.00">
        <routeDistribution last="0">
            <route cost="84.80" probability="1.00000000" edges="208569799#8 -208569799#8 -208569799#7 118425140#0 118425140#1 976615101 467939443#5 468753289#0 468753289#1 468753289#2 211118189"/>
        </routeDistribution>
    </vehicle>
    <vehicle id="90" depart="90.00">
        <routeDistribution last="0">
            <route cost="139.24" probability="1.00000000" edges="468753280#1 -211118657#2 467772312#3 467772312#4 467772312#5 467772312#6 467772312#7 467772312#8 467772312#9 467772312#10 467772312#11 118337852#0 118337852#1 118337852#2 118337852#3 118337852#4 118337852#5 118337852#6 118337852#7 118337852#8 467939443#0 467939443#1"/>
        </routeDistribution>
    </vehicle>
    <vehicle id="91" depart="91.00">
        <routeDistribution last="0">
            <route cost="68.29" probability="1.00000000" edges="976615110#1 118425134#5 118425134#6 118425134#7 976615091#0 976615091#1 468753422 467772312#0 467772312#1 467772312#2 -211118657#1"/>
        </routeDistribution>
    </vehicle>
    <vehicle id="92" depart="92.00">
        <routeDistribution last="0">
            <route cost="58.05" probability="1.00000000" edges="208569799#0 504407941#1 976615092 118337852#4 118337852#5 118337852#6 118337852#7 118337852#8"/>
        </routeDistribution>
    </vehicle>
    <vehicle id="93" depart="93.00">
        <routeDistribution last="0">
            <route cost="116.41" probability="1.00000000" edges="504407941#0 -504407941#0 504407942 468753279#2 468753279#3 468753279#4 468753279#5 118337848#0 118337848#1 118337848#2 118337848#3 118337855#0 118337855#1 804664881#5 118337845#6"/>
        </routeDistribution>
    </vehicle>
    <vehicle id="94" depart="94.00">
        <routeDistribution last="0">
            <route cost="118.29" probability="1.00000000" edges="-804664881#2 467941516 467772312#6 467772312#7 467772312#8 467772312#9 467772312#10 467772312#11 118337852#0 976615096#1 208569799#0 208569799#1 208569799#2 208569799#3 208569799#4 208569799#5 208569799#6 208569799#7 208569799#8"/>
        </routeDistribution>
    </vehicle>
    <vehicle id="96" depart="96.00">
        <routeDistribution last="0">
            <route cost="67.95" probability="1.00000000" edges="118337845#6 -670389188#2 118337855#1 -804664881#4 -804664881#3 804664881#3"/>
        </routeDistribution>
    </vehicle>
    <vehicle id="97" depart="97.00">
        <routeDistribution last="0">
            <route cost="163.84" probability="1.00000000" edges="211118189 118425134#0 118425134#1 118425134#2 118425134#3 118425134#4 118425134#5 208567774 118337845#2 118337845#3 118337845#4 118337845#5 118337845#6 118337845#7 468753286#0 468753286#1 468753286#2 468753286#3 468753286#4 976615114 468753291#1 468753291#2 468753291#3 468753291#4 468753291#5 468753291#6 468753279#0 211118697 504407941#0"/>
        </routeDistribution>
    </vehicle>
    <vehicle id="99" depart="99.00">
        <routeDistribution last="0">
            <route cost="100.51" probability="1.00000000" edges="992360275 -976615110#0 976615112 118425134#4 118425134#5 208567774 118337845#2 118337845#3 118337845#4 118337845#5 118337845#6 118337845#7 468753286#0 468753286#1 468753286#2 468753286#3 468753286#4 468753286#5 468753286#6 468753289#1"/>
        </routeDistribution>
    </vehicle>
</routes>
