<?xml version="1.0" encoding="UTF-8"?>
<!-- generated on 2022-09-01 07:29:33.150323 by randomTrips.py v1.11.0-0000000000
  options: -n BioIsland.net.xml -r BioIsland.rou.xml -e 100 -l
-->
<routes xmlns:xsi="http://www.w3.org/2001/XMLSchema-instance" xsi:noNamespaceSchemaLocation="http://sumo.dlr.de/xsd/routes_file.xsd">
    <trip id="0" depart="0.00" from="467772312#8" to="-211118656#2"/>
    <trip id="1" depart="1.00" from="118337845#6" to="-804664903#1"/>
    <trip id="2" depart="2.00" from="468753280#0" to="468753280#0"/>
    <trip id="3" depart="3.00" from="804664881#3" to="-211118658#0"/>
    <trip id="4" depart="4.00" from="118425134#0" to="-211118656#2"/>
    <trip id="5" depart="5.00" from="-804664903#2" to="211118658#1"/>
    <trip id="6" depart="6.00" from="-211118656#2" to="-804664881#4"/>
    <trip id="7" depart="7.00" from="467772313" to="467772312#11"/>
    <trip id="8" depart="8.00" from="-804664903#2" to="467772312#4"/>
    <trip id="9" depart="9.00" from="468753281" to="-211118656#1"/>
    <trip id="10" depart="10.00" from="468753281" to="468753280#0"/>
    <trip id="11" depart="11.00" from="118337855#1" to="-670389188#1"/>
    <trip id="12" depart="12.00" from="804664903#3" to="118337848#3"/>
    <trip id="13" depart="13.00" from="-211118658#1" to="-211118658#1"/>
    <trip id="14" depart="14.00" from="468753422" to="467772312#6"/>
    <trip id="15" depart="15.00" from="468753281" to="468753280#1"/>
    <trip id="16" depart="16.00" from="211118658#2" to="976615091#0"/>
    <trip id="17" depart="17.00" from="118424571#1" to="467772312#2"/>
    <trip id="18" depart="18.00" from="468753282#0" to="467772312#8"/>
    <trip id="19" depart="19.00" from="670389188#0" to="467772312#3"/>
    <trip id="20" depart="20.00" from="468753279#0" to="-211118656#3"/>
    <trip id="21" depart="21.00" from="-804664903#2" to="118337845#6"/>
    <trip id="22" depart="22.00" from="-211118658#0" to="-804664903#2"/>
    <trip id="23" depart="23.00" from="-211118658#1" to="118337845#4"/>
    <trip id="24" depart="24.00" from="467772312#8" to="118337855#1"/>
    <trip id="25" depart="25.00" from="118337855#5" to="-804664903#0"/>
    <trip id="26" depart="26.00" from="118337845#5" to="804664903#1"/>
    <trip id="27" depart="27.00" from="467772313" to="467772312#6"/>
    <trip id="28" depart="28.00" from="-804664881#3" to="468753280#1"/>
    <trip id="29" depart="29.00" from="-804664881#2" to="118337855#3"/>
    <trip id="30" depart="30.00" from="976615091#1" to="467772313"/>
    <trip id="31" depart="31.00" from="467772312#10" to="468753280#0"/>
    <trip id="32" depart="32.00" from="468753422" to="468753281"/>
    <trip id="33" depart="33.00" from="-804664903#2" to="-211118656#2"/>
    <trip id="34" depart="34.00" from="118337854" to="118337845#3"/>
    <trip id="35" depart="35.00" from="-804664903#1" to="804664903#2"/>
    <trip id="36" depart="36.00" from="670389188#1" to="118337845#7"/>
    <trip id="37" depart="37.00" from="467772313" to="118337855#5"/>
    <trip id="38" depart="38.00" from="804664881#4" to="211118657#0"/>
    <trip id="39" depart="39.00" from="118337845#5" to="-804664903#3"/>
    <trip id="40" depart="40.00" from="467772312#2" to="118337845#1"/>
    <trip id="41" depart="41.00" from="467772312#3" to="804664881#3"/>
    <trip id="42" depart="42.00" from="118425134#0" to="-804664903#1"/>
    <trip id="43" depart="43.00" from="992360273" to="211118658#1"/>
    <trip id="44" depart="44.00" from="-211118658#1" to="-211118656#3"/>
    <trip id="45" depart="45.00" from="-211118658#2" to="467772312#8"/>
    <trip id="46" depart="46.00" from="468753280#1" to="211118656#1"/>
    <trip id="47" depart="47.00" from="-211118657#1" to="118337855#3"/>
    <trip id="48" depart="48.00" from="992360273" to="302981078"/>
    <trip id="49" depart="49.00" from="804664903#3" to="670389188#0"/>
    <trip id="50" depart="50.00" from="-211118656#1" to="468753280#1"/>
    <trip id="51" depart="51.00" from="468753279#0" to="467772312#0"/>
    <trip id="52" depart="52.00" from="118337845#5" to="467772313"/>
    <trip id="53" depart="53.00" from="-211118658#2" to="211118656#2"/>
    <trip id="54" depart="54.00" from="211118656#2" to="804664903#2"/>
    <trip id="55" depart="55.00" from="670389188#1" to="118337845#2"/>
    <trip id="56" depart="56.00" from="211118657#1" to="-804664881#3"/>
    <trip id="57" depart="57.00" from="804664881#4" to="670389188#1"/>
    <trip id="58" depart="58.00" from="118337848#3" to="467772313"/>
    <trip id="59" depart="59.00" from="467772312#4" to="-670389188#1"/>
    <trip id="60" depart="60.00" from="468753280#0" to="467772312#1"/>
    <trip id="61" depart="61.00" from="468753280#1" to="302981078"/>
    <trip id="62" depart="62.00" from="-118424571#1" to="118337848#2"/>
    <trip id="63" depart="63.00" from="-211118656#1" to="804664903#1"/>
    <trip id="64" depart="64.00" from="670389188#1" to="468753285"/>
    <trip id="65" depart="65.00" from="118337854" to="-211118657#0"/>
    <trip id="66" depart="66.00" from="670389188#1" to="804664903#2"/>
    <trip id="67" depart="67.00" from="-211118658#0" to="211118658#0"/>
    <trip id="68" depart="68.00" from="-211118657#1" to="468753281"/>
    <trip id="69" depart="69.00" from="468753280#1" to="-468753282#0"/>
    <trip id="70" depart="70.00" from="211118657#0" to="467772312#2"/>
    <trip id="71" depart="71.00" from="118337845#5" to="670389188#1"/>
    <trip id="72" depart="72.00" from="118425134#0" to="-804664903#0"/>
    <trip id="73" depart="73.00" from="211118658#2" to="468753280#1"/>
    <trip id="74" depart="74.00" from="-804664903#1" to="118337845#7"/>
    <trip id="75" depart="75.00" from="992360273" to="467772313"/>
    <trip id="76" depart="76.00" from="211118656#1" to="211118658#2"/>
    <trip id="77" depart="77.00" from="-468753282#0" to="-804664903#1"/>
    <trip id="78" depart="78.00" from="118337855#1" to="467772312#4"/>
    <trip id="79" depart="79.00" from="-804664903#3" to="-804664903#1"/>
    <trip id="80" depart="80.00" from="-211118657#1" to="467772312#8"/>
    <trip id="81" depart="81.00" from="-804664903#2" to="804664881#3"/>
    <trip id="82" depart="82.00" from="670389188#0" to="-211118657#1"/>
    <trip id="83" depart="83.00" from="-804664903#3" to="467941516"/>
    <trip id="84" depart="84.00" from="-804664903#1" to="-468753282#1"/>
    <trip id="85" depart="85.00" from="804664903#1" to="467772312#3"/>
    <trip id="86" depart="86.00" from="211118656#3" to="468753282#0"/>
    <trip id="87" depart="87.00" from="468753281" to="-804664881#4"/>
    <trip id="88" depart="88.00" from="-211118658#1" to="211118656#2"/>
    <trip id="89" depart="89.00" from="118425134#0" to="211118657#0"/>
    <trip id="90" depart="90.00" from="468753279#1" to="468753279#1"/>
    <trip id="91" depart="91.00" from="976615091#0" to="-211118658#1"/>
    <trip id="92" depart="92.00" from="118425134#0" to="118337848#4"/>
    <trip id="93" depart="93.00" from="670389188#0" to="-804664903#3"/>
    <trip id="94" depart="94.00" from="-804664881#4" to="211118656#3"/>
    <trip id="95" depart="95.00" from="118425134#0" to="118337845#4"/>
    <trip id="96" depart="96.00" from="118337845#3" to="804664881#4"/>
    <trip id="97" depart="97.00" from="211118656#1" to="670389188#0"/>
    <trip id="98" depart="98.00" from="467772312#0" to="-211118657#0"/>
    <trip id="99" depart="99.00" from="992360273" to="468753285"/>
</routes>
